-- Swift seed data — generated from ui/src/mock/*.ts
-- Regenerate: npx tsx crates/swift-data/seed/generate-seed.mts > crates/swift-data/seed/seed.sql
BEGIN;
TRUNCATE task_knowledge_links, knowledge_revisions, knowledge_articles, knowledge_categories, task_links, tasks, projects RESTART IDENTITY CASCADE;

-- projects
INSERT INTO projects (id, slug, name, description, color, manager, archived, pinned, percent_complete, start_date, finish_date, sort_order) VALUES ('c6e3a3e5-8073-4b6a-9cf4-21e67bc8e59e', 'nest', 'Nest Framework', NULL, '#3b82f6', 'You', false, true, 62, '2026-07-07', '2027-01-15', 0);
INSERT INTO projects (id, slug, name, description, color, manager, archived, pinned, percent_complete, start_date, finish_date, sort_order) VALUES ('ab2fca0e-4085-4331-aa7a-8daa09fbceaa', 'swift', 'Swift PM App', NULL, '#8b5cf6', 'You', false, true, 18, '2026-07-07', '2026-10-15', 1);
INSERT INTO projects (id, slug, name, description, color, manager, archived, pinned, percent_complete, start_date, finish_date, sort_order) VALUES ('e61f3308-9e0e-48ba-a25b-a6bedd505dd9', 'loon', 'Loon TV Client', NULL, '#10b981', 'You', false, false, 45, '2026-06-01', '2026-09-01', 2);
INSERT INTO projects (id, slug, name, description, color, manager, archived, pinned, percent_complete, start_date, finish_date, sort_order) VALUES ('869afdb2-3b62-4e31-89e5-de0d32ebaada', 'kiwi', 'Kiwi Migration', NULL, '#f59e0b', 'You', true, false, 100, '2025-01-01', '2026-03-01', 3);
INSERT INTO projects (id, slug, name, description, color, manager, archived, pinned, percent_complete, start_date, finish_date, sort_order) VALUES ('db8f366a-6eb9-4396-adfb-5dbdcca4735f', 'homelab', 'Home Lab', NULL, '#64748b', 'You', true, false, 80, '2025-06-01', '2025-12-01', 4);

-- tasks
INSERT INTO tasks (id, project_id, outline_level, is_summary, is_milestone, title, notes, duration_days, start_date, finish_date, percent_complete, resource_names, sort_order) VALUES ('5eb6901c-7f23-4de3-802d-648f2aa63797', 'c6e3a3e5-8073-4b6a-9cf4-21e67bc8e59e', 0, true, false, 'Swift desktop app', NULL, 25, '2026-07-07', '2026-08-08', 25, '', 0);
INSERT INTO tasks (id, project_id, outline_level, is_summary, is_milestone, title, notes, duration_days, start_date, finish_date, percent_complete, resource_names, sort_order) VALUES ('2e5b776c-5d94-4005-ad14-01af96ec9952', 'c6e3a3e5-8073-4b6a-9cf4-21e67bc8e59e', 1, false, false, 'UI mockup (MS Project shell)', 'Ribbon, Gantt, Project Center, status bar.', 3, '2026-07-07', '2026-07-09', 100, 'You', 1);
INSERT INTO tasks (id, project_id, outline_level, is_summary, is_milestone, title, notes, duration_days, start_date, finish_date, percent_complete, resource_names, sort_order) VALUES ('8c4466c7-47e0-4c40-a723-c2cf357cbb10', 'c6e3a3e5-8073-4b6a-9cf4-21e67bc8e59e', 1, false, false, 'swift-data + Postgres', NULL, 5, '2026-07-10', '2026-07-16', 0, 'You', 2);
INSERT INTO tasks (id, project_id, outline_level, is_summary, is_milestone, title, notes, duration_days, start_date, finish_date, percent_complete, resource_names, sort_order) VALUES ('1d336a6f-2493-466d-9bd6-97c5c43f8b0e', 'c6e3a3e5-8073-4b6a-9cf4-21e67bc8e59e', 1, false, true, 'Phase 2 gate', NULL, 0, '2026-07-17', '2026-07-17', 0, '', 3);
INSERT INTO tasks (id, project_id, outline_level, is_summary, is_milestone, title, notes, duration_days, start_date, finish_date, percent_complete, resource_names, sort_order) VALUES ('c9f00719-e95e-4ee5-bcfe-285c79f68084', 'c6e3a3e5-8073-4b6a-9cf4-21e67bc8e59e', 1, false, false, 'Gantt wiring + predecessors', NULL, 8, '2026-07-18', '2026-07-29', 0, 'You', 4);
INSERT INTO tasks (id, project_id, outline_level, is_summary, is_milestone, title, notes, duration_days, start_date, finish_date, percent_complete, resource_names, sort_order) VALUES ('1bef3856-48ef-46ac-8c88-735403c4a19b', 'c6e3a3e5-8073-4b6a-9cf4-21e67bc8e59e', 0, true, false, 'Knowledge + agent', NULL, 12, '2026-07-23', '2026-08-07', 0, '', 5);
INSERT INTO tasks (id, project_id, outline_level, is_summary, is_milestone, title, notes, duration_days, start_date, finish_date, percent_complete, resource_names, sort_order) VALUES ('8b9ba41e-bb56-488b-89cc-e8d94b188bff', 'c6e3a3e5-8073-4b6a-9cf4-21e67bc8e59e', 1, false, false, 'pgvector ingest', NULL, 4, '2026-07-23', '2026-07-28', 0, 'You', 6);
INSERT INTO tasks (id, project_id, outline_level, is_summary, is_milestone, title, notes, duration_days, start_date, finish_date, percent_complete, resource_names, sort_order) VALUES ('2c73fb11-8bbd-4460-9d7d-74eab72229b4', 'c6e3a3e5-8073-4b6a-9cf4-21e67bc8e59e', 1, false, false, 'Ollama agent panel', NULL, 6, '2026-07-29', '2026-08-05', 0, 'You', 7);
INSERT INTO tasks (id, project_id, outline_level, is_summary, is_milestone, title, notes, duration_days, start_date, finish_date, percent_complete, resource_names, sort_order) VALUES ('ef96ecda-f910-480e-b0f3-56fb182d0643', 'c6e3a3e5-8073-4b6a-9cf4-21e67bc8e59e', 1, false, false, 'Task form + modals', NULL, 4, '2026-08-06', '2026-08-11', 50, 'You', 8);
INSERT INTO tasks (id, project_id, outline_level, is_summary, is_milestone, title, notes, duration_days, start_date, finish_date, percent_complete, resource_names, sort_order) VALUES ('2757a63f-db3d-432d-a4bf-8be591600204', 'c6e3a3e5-8073-4b6a-9cf4-21e67bc8e59e', 1, false, false, 'Toast + confirm dialogs', NULL, 2, '2026-08-12', '2026-08-13', 100, 'You', 9);
INSERT INTO tasks (id, project_id, outline_level, is_summary, is_milestone, title, notes, duration_days, start_date, finish_date, percent_complete, resource_names, sort_order) VALUES ('b64370c8-2bd4-4aba-980f-430ceedcc237', 'c6e3a3e5-8073-4b6a-9cf4-21e67bc8e59e', 0, true, false, 'nest-data-postgres', NULL, 35, '2026-08-11', '2026-09-26', 10, '', 10);
INSERT INTO tasks (id, project_id, outline_level, is_summary, is_milestone, title, notes, duration_days, start_date, finish_date, percent_complete, resource_names, sort_order) VALUES ('e07e33f8-55dd-44c1-8f64-09b79778e8d2', 'c6e3a3e5-8073-4b6a-9cf4-21e67bc8e59e', 1, false, false, 'Migrations 001–003', NULL, 6, '2026-08-11', '2026-08-18', 0, 'You', 11);
INSERT INTO tasks (id, project_id, outline_level, is_summary, is_milestone, title, notes, duration_days, start_date, finish_date, percent_complete, resource_names, sort_order) VALUES ('1ab4b0ab-6695-4164-b12f-6d341408e165', 'c6e3a3e5-8073-4b6a-9cf4-21e67bc8e59e', 1, false, false, 'ProjectRepository', NULL, 5, '2026-08-19', '2026-08-25', 0, 'You', 12);
INSERT INTO tasks (id, project_id, outline_level, is_summary, is_milestone, title, notes, duration_days, start_date, finish_date, percent_complete, resource_names, sort_order) VALUES ('3189c130-a8d1-44ef-b736-ecebb2e568fa', 'c6e3a3e5-8073-4b6a-9cf4-21e67bc8e59e', 1, false, false, 'TaskRepository + links', NULL, 7, '2026-08-26', '2026-09-03', 0, 'You', 13);
INSERT INTO tasks (id, project_id, outline_level, is_summary, is_milestone, title, notes, duration_days, start_date, finish_date, percent_complete, resource_names, sort_order) VALUES ('1f9f2144-004b-4607-8997-d0c0bda44205', 'c6e3a3e5-8073-4b6a-9cf4-21e67bc8e59e', 1, false, true, 'DB schema freeze', NULL, 0, '2026-09-04', '2026-09-04', 0, '', 14);
INSERT INTO tasks (id, project_id, outline_level, is_summary, is_milestone, title, notes, duration_days, start_date, finish_date, percent_complete, resource_names, sort_order) VALUES ('24903a00-0ddc-4594-97ef-0770f89e5318', 'c6e3a3e5-8073-4b6a-9cf4-21e67bc8e59e', 1, false, false, 'Tauri command wiring', NULL, 8, '2026-09-05', '2026-09-16', 0, 'You', 15);
INSERT INTO tasks (id, project_id, outline_level, is_summary, is_milestone, title, notes, duration_days, start_date, finish_date, percent_complete, resource_names, sort_order) VALUES ('39a15eb5-16d6-4450-9182-8c5a6835c033', 'c6e3a3e5-8073-4b6a-9cf4-21e67bc8e59e', 1, false, false, 'pgvector extension + seed', NULL, 6, '2026-09-17', '2026-09-24', 0, 'You', 16);
INSERT INTO tasks (id, project_id, outline_level, is_summary, is_milestone, title, notes, duration_days, start_date, finish_date, percent_complete, resource_names, sort_order) VALUES ('d282ff2a-95e8-47ce-995f-6a577b8a5661', 'c6e3a3e5-8073-4b6a-9cf4-21e67bc8e59e', 1, false, false, 'Connection pool tuning', NULL, 4, '2026-09-25', '2026-09-30', 0, 'You', 17);
INSERT INTO tasks (id, project_id, outline_level, is_summary, is_milestone, title, notes, duration_days, start_date, finish_date, percent_complete, resource_names, sort_order) VALUES ('c5be56e2-7598-4a31-87c6-0e775aeeebcf', 'c6e3a3e5-8073-4b6a-9cf4-21e67bc8e59e', 0, true, false, 'Knowledge pipeline', NULL, 28, '2026-09-08', '2026-10-06', 0, '', 18);
INSERT INTO tasks (id, project_id, outline_level, is_summary, is_milestone, title, notes, duration_days, start_date, finish_date, percent_complete, resource_names, sort_order) VALUES ('17c91619-d5fc-444a-93bd-93a5f3a67ef9', 'c6e3a3e5-8073-4b6a-9cf4-21e67bc8e59e', 1, false, false, 'Ingest email + Slack', NULL, 5, '2026-09-08', '2026-09-12', 0, 'You', 19);
INSERT INTO tasks (id, project_id, outline_level, is_summary, is_milestone, title, notes, duration_days, start_date, finish_date, percent_complete, resource_names, sort_order) VALUES ('ac6c4a14-003a-4102-bbad-9dc635c30004', 'c6e3a3e5-8073-4b6a-9cf4-21e67bc8e59e', 1, false, false, 'Embedding batch job', NULL, 6, '2026-09-15', '2026-09-22', 0, 'You', 20);
INSERT INTO tasks (id, project_id, outline_level, is_summary, is_milestone, title, notes, duration_days, start_date, finish_date, percent_complete, resource_names, sort_order) VALUES ('0793942b-4eb6-47b0-bf88-56ccc00f58ca', 'c6e3a3e5-8073-4b6a-9cf4-21e67bc8e59e', 1, false, false, 'swift_search_knowledge tool', NULL, 7, '2026-09-23', '2026-10-01', 0, 'You', 21);
INSERT INTO tasks (id, project_id, outline_level, is_summary, is_milestone, title, notes, duration_days, start_date, finish_date, percent_complete, resource_names, sort_order) VALUES ('d6148957-4c1b-42ec-8a15-6d8eab2d9899', 'c6e3a3e5-8073-4b6a-9cf4-21e67bc8e59e', 1, false, false, 'Knowledge UI filters', NULL, 4, '2026-10-02', '2026-10-07', 0, 'You', 22);
INSERT INTO tasks (id, project_id, outline_level, is_summary, is_milestone, title, notes, duration_days, start_date, finish_date, percent_complete, resource_names, sort_order) VALUES ('ce4fa92f-caf8-4da5-ae0b-eaf9d3db7759', 'c6e3a3e5-8073-4b6a-9cf4-21e67bc8e59e', 0, true, false, 'Polish + performance', NULL, 0, '2026-10-06', '2026-11-14', 0, '', 23);
INSERT INTO tasks (id, project_id, outline_level, is_summary, is_milestone, title, notes, duration_days, start_date, finish_date, percent_complete, resource_names, sort_order) VALUES ('9add5cfe-212a-4027-8e69-23e4cf813588', 'c6e3a3e5-8073-4b6a-9cf4-21e67bc8e59e', 1, false, false, 'Virtualized task grid', NULL, 6, '2026-10-06', '2026-10-13', 0, 'You', 24);
INSERT INTO tasks (id, project_id, outline_level, is_summary, is_milestone, title, notes, duration_days, start_date, finish_date, percent_complete, resource_names, sort_order) VALUES ('f7f851e9-638b-494b-82f0-492961274cae', 'c6e3a3e5-8073-4b6a-9cf4-21e67bc8e59e', 1, false, false, 'Synced Gantt scroll', 'Horizontal week columns + sticky headers.', 3, '2026-10-14', '2026-10-16', 0, 'You', 25);
INSERT INTO tasks (id, project_id, outline_level, is_summary, is_milestone, title, notes, duration_days, start_date, finish_date, percent_complete, resource_names, sort_order) VALUES ('7cb1b444-cd27-4ea7-9d05-53bbe83516d9', 'c6e3a3e5-8073-4b6a-9cf4-21e67bc8e59e', 1, false, false, 'Keyboard shortcuts', NULL, 4, '2026-10-17', '2026-10-22', 0, 'You', 26);
INSERT INTO tasks (id, project_id, outline_level, is_summary, is_milestone, title, notes, duration_days, start_date, finish_date, percent_complete, resource_names, sort_order) VALUES ('13558fb4-4841-4138-9200-bf773c3c7d3e', 'c6e3a3e5-8073-4b6a-9cf4-21e67bc8e59e', 1, false, false, 'Theme + CBRE tokens audit', NULL, 3, '2026-10-23', '2026-10-27', 0, 'You', 27);
INSERT INTO tasks (id, project_id, outline_level, is_summary, is_milestone, title, notes, duration_days, start_date, finish_date, percent_complete, resource_names, sort_order) VALUES ('6033a546-f4b4-4336-ab65-f232ec3a4259', 'c6e3a3e5-8073-4b6a-9cf4-21e67bc8e59e', 1, false, false, 'Agent panel streaming', NULL, 8, '2026-10-28', '2026-11-06', 0, 'You', 28);
INSERT INTO tasks (id, project_id, outline_level, is_summary, is_milestone, title, notes, duration_days, start_date, finish_date, percent_complete, resource_names, sort_order) VALUES ('97e82a10-2d20-444c-9634-1d38fdf96aa7', 'c6e3a3e5-8073-4b6a-9cf4-21e67bc8e59e', 1, false, true, 'Beta milestone', NULL, 0, '2026-11-07', '2026-11-07', 0, '', 29);
INSERT INTO tasks (id, project_id, outline_level, is_summary, is_milestone, title, notes, duration_days, start_date, finish_date, percent_complete, resource_names, sort_order) VALUES ('a8b7e393-227a-4a73-a46d-ab38154e2e71', 'c6e3a3e5-8073-4b6a-9cf4-21e67bc8e59e', 0, true, false, 'QA + hardening', NULL, 25, '2026-11-10', '2026-12-12', 0, '', 30);
INSERT INTO tasks (id, project_id, outline_level, is_summary, is_milestone, title, notes, duration_days, start_date, finish_date, percent_complete, resource_names, sort_order) VALUES ('7ac207bc-b3e5-49d2-95fd-0113feb041e6', 'c6e3a3e5-8073-4b6a-9cf4-21e67bc8e59e', 1, false, false, 'Manual test checklist', NULL, 5, '2026-11-10', '2026-11-14', 0, 'You', 31);
INSERT INTO tasks (id, project_id, outline_level, is_summary, is_milestone, title, notes, duration_days, start_date, finish_date, percent_complete, resource_names, sort_order) VALUES ('3e474006-a25a-4c7c-9161-e624a649288a', 'c6e3a3e5-8073-4b6a-9cf4-21e67bc8e59e', 1, false, false, 'Portfolio stress test', NULL, 4, '2026-11-17', '2026-11-20', 0, 'You', 32);
INSERT INTO tasks (id, project_id, outline_level, is_summary, is_milestone, title, notes, duration_days, start_date, finish_date, percent_complete, resource_names, sort_order) VALUES ('c89b74d4-58de-472d-a609-e60dfb99a4da', 'c6e3a3e5-8073-4b6a-9cf4-21e67bc8e59e', 1, false, false, 'Remote Postgres failover drill', NULL, 3, '2026-11-21', '2026-11-25', 0, 'You', 33);
INSERT INTO tasks (id, project_id, outline_level, is_summary, is_milestone, title, notes, duration_days, start_date, finish_date, percent_complete, resource_names, sort_order) VALUES ('02e55158-caa8-4b30-a344-2b4c956d1b2f', 'c6e3a3e5-8073-4b6a-9cf4-21e67bc8e59e', 1, false, false, 'Bug bash', NULL, 5, '2026-11-26', '2026-12-02', 0, 'You', 34);
INSERT INTO tasks (id, project_id, outline_level, is_summary, is_milestone, title, notes, duration_days, start_date, finish_date, percent_complete, resource_names, sort_order) VALUES ('33899f0c-1c37-4a26-b821-6b78eb67209a', 'c6e3a3e5-8073-4b6a-9cf4-21e67bc8e59e', 1, false, false, 'Release notes', NULL, 3, '2026-12-03', '2026-12-05', 0, 'You', 35);
INSERT INTO tasks (id, project_id, outline_level, is_summary, is_milestone, title, notes, duration_days, start_date, finish_date, percent_complete, resource_names, sort_order) VALUES ('c3c92deb-a3aa-4d46-bb7a-2320507cbc90', 'c6e3a3e5-8073-4b6a-9cf4-21e67bc8e59e', 1, false, true, 'v1.0 release', NULL, 0, '2026-12-12', '2026-12-12', 0, '', 36);
INSERT INTO tasks (id, project_id, outline_level, is_summary, is_milestone, title, notes, duration_days, start_date, finish_date, percent_complete, resource_names, sort_order) VALUES ('78ffc21a-1e4a-46b1-870f-3413b66a7e22', 'c6e3a3e5-8073-4b6a-9cf4-21e67bc8e59e', 0, true, false, 'Post-launch', NULL, 0, '2026-12-15', '2027-01-09', 0, '', 37);
INSERT INTO tasks (id, project_id, outline_level, is_summary, is_milestone, title, notes, duration_days, start_date, finish_date, percent_complete, resource_names, sort_order) VALUES ('8146bc4b-25da-402f-a1b2-edfa0656ed53', 'c6e3a3e5-8073-4b6a-9cf4-21e67bc8e59e', 1, false, false, 'Template feedback doc', NULL, 4, '2026-12-15', '2026-12-18', 0, 'You', 38);
INSERT INTO tasks (id, project_id, outline_level, is_summary, is_milestone, title, notes, duration_days, start_date, finish_date, percent_complete, resource_names, sort_order) VALUES ('6d816874-9e30-4b54-84e3-ba9e032f390c', 'c6e3a3e5-8073-4b6a-9cf4-21e67bc8e59e', 1, false, false, 'Promote AppShell to template', NULL, 6, '2026-12-19', '2026-12-26', 0, 'You', 39);
INSERT INTO tasks (id, project_id, outline_level, is_summary, is_milestone, title, notes, duration_days, start_date, finish_date, percent_complete, resource_names, sort_order) VALUES ('5e4b46a1-57ea-4582-b788-a1635e0ed293', 'c6e3a3e5-8073-4b6a-9cf4-21e67bc8e59e', 1, false, false, 'Dogfood on second project', NULL, 5, '2026-12-29', '2027-01-02', 0, 'You', 40);
INSERT INTO tasks (id, project_id, outline_level, is_summary, is_milestone, title, notes, duration_days, start_date, finish_date, percent_complete, resource_names, sort_order) VALUES ('5029ea16-bae6-4ba4-8d01-2645c348260e', 'c6e3a3e5-8073-4b6a-9cf4-21e67bc8e59e', 1, false, true, 'Retrospective', NULL, 0, '2027-01-09', '2027-01-09', 0, '', 41);
INSERT INTO tasks (id, project_id, outline_level, is_summary, is_milestone, title, notes, duration_days, start_date, finish_date, percent_complete, resource_names, sort_order) VALUES ('b957c463-f0c9-43fe-8d27-64fadd443f24', 'ab2fca0e-4085-4331-aa7a-8daa09fbceaa', 0, true, false, 'Swift desktop app', NULL, 25, '2026-07-07', '2026-08-08', 25, '', 0);
INSERT INTO tasks (id, project_id, outline_level, is_summary, is_milestone, title, notes, duration_days, start_date, finish_date, percent_complete, resource_names, sort_order) VALUES ('017b4cbe-758c-4046-b636-ca64a9d2583e', 'ab2fca0e-4085-4331-aa7a-8daa09fbceaa', 1, false, false, 'UI mockup (MS Project shell)', 'Ribbon, Gantt, Project Center, status bar.', 3, '2026-07-07', '2026-07-09', 100, 'You', 1);
INSERT INTO tasks (id, project_id, outline_level, is_summary, is_milestone, title, notes, duration_days, start_date, finish_date, percent_complete, resource_names, sort_order) VALUES ('db99856b-07d7-4236-8ebe-da95df514aab', 'ab2fca0e-4085-4331-aa7a-8daa09fbceaa', 1, false, false, 'swift-data + Postgres', NULL, 5, '2026-07-10', '2026-07-16', 0, 'You', 2);
INSERT INTO tasks (id, project_id, outline_level, is_summary, is_milestone, title, notes, duration_days, start_date, finish_date, percent_complete, resource_names, sort_order) VALUES ('8b8afca4-2a08-4563-a46c-416b03cf5585', 'ab2fca0e-4085-4331-aa7a-8daa09fbceaa', 1, false, true, 'Phase 2 gate', NULL, 0, '2026-07-17', '2026-07-17', 0, '', 3);
INSERT INTO tasks (id, project_id, outline_level, is_summary, is_milestone, title, notes, duration_days, start_date, finish_date, percent_complete, resource_names, sort_order) VALUES ('9d97f8f8-d3e0-4024-8e63-c8a0d5f065e4', 'ab2fca0e-4085-4331-aa7a-8daa09fbceaa', 1, false, false, 'Gantt wiring + predecessors', NULL, 8, '2026-07-18', '2026-07-29', 0, 'You', 4);
INSERT INTO tasks (id, project_id, outline_level, is_summary, is_milestone, title, notes, duration_days, start_date, finish_date, percent_complete, resource_names, sort_order) VALUES ('93debc8a-5385-49ba-b9da-0834b2201152', 'ab2fca0e-4085-4331-aa7a-8daa09fbceaa', 0, true, false, 'Knowledge + agent', NULL, 12, '2026-07-23', '2026-08-07', 0, '', 5);
INSERT INTO tasks (id, project_id, outline_level, is_summary, is_milestone, title, notes, duration_days, start_date, finish_date, percent_complete, resource_names, sort_order) VALUES ('f3e01ef7-8e45-4ce5-bf9a-da83581ab624', 'ab2fca0e-4085-4331-aa7a-8daa09fbceaa', 1, false, false, 'pgvector ingest', NULL, 4, '2026-07-23', '2026-07-28', 0, 'You', 6);
INSERT INTO tasks (id, project_id, outline_level, is_summary, is_milestone, title, notes, duration_days, start_date, finish_date, percent_complete, resource_names, sort_order) VALUES ('faa5f45a-5067-4a58-ac7c-a7227b181e78', 'ab2fca0e-4085-4331-aa7a-8daa09fbceaa', 1, false, false, 'Ollama agent panel', NULL, 6, '2026-07-29', '2026-08-05', 0, 'You', 7);
INSERT INTO tasks (id, project_id, outline_level, is_summary, is_milestone, title, notes, duration_days, start_date, finish_date, percent_complete, resource_names, sort_order) VALUES ('96256c6e-0c5e-4297-a4ca-1d3e36b50b56', 'ab2fca0e-4085-4331-aa7a-8daa09fbceaa', 1, false, false, 'Task form + modals', NULL, 4, '2026-08-06', '2026-08-11', 50, 'You', 8);
INSERT INTO tasks (id, project_id, outline_level, is_summary, is_milestone, title, notes, duration_days, start_date, finish_date, percent_complete, resource_names, sort_order) VALUES ('4905db7b-4617-4e5f-b1b4-5e6a9a62d2e2', 'ab2fca0e-4085-4331-aa7a-8daa09fbceaa', 1, false, false, 'Toast + confirm dialogs', NULL, 2, '2026-08-12', '2026-08-13', 100, 'You', 9);
INSERT INTO tasks (id, project_id, outline_level, is_summary, is_milestone, title, notes, duration_days, start_date, finish_date, percent_complete, resource_names, sort_order) VALUES ('5c75dda0-1000-41c6-a58a-d288f240aa23', 'ab2fca0e-4085-4331-aa7a-8daa09fbceaa', 0, true, false, 'nest-data-postgres', NULL, 35, '2026-08-11', '2026-09-26', 10, '', 10);
INSERT INTO tasks (id, project_id, outline_level, is_summary, is_milestone, title, notes, duration_days, start_date, finish_date, percent_complete, resource_names, sort_order) VALUES ('6eb86186-6461-48bb-a884-e793e2cad55b', 'ab2fca0e-4085-4331-aa7a-8daa09fbceaa', 1, false, false, 'Migrations 001–003', NULL, 6, '2026-08-11', '2026-08-18', 0, 'You', 11);
INSERT INTO tasks (id, project_id, outline_level, is_summary, is_milestone, title, notes, duration_days, start_date, finish_date, percent_complete, resource_names, sort_order) VALUES ('4090dab0-69e2-4a33-9e7d-8ab094ae60c5', 'ab2fca0e-4085-4331-aa7a-8daa09fbceaa', 1, false, false, 'ProjectRepository', NULL, 5, '2026-08-19', '2026-08-25', 0, 'You', 12);
INSERT INTO tasks (id, project_id, outline_level, is_summary, is_milestone, title, notes, duration_days, start_date, finish_date, percent_complete, resource_names, sort_order) VALUES ('bf0a87ff-0bd5-46c0-aadd-1ffcd6af3a9d', 'ab2fca0e-4085-4331-aa7a-8daa09fbceaa', 1, false, false, 'TaskRepository + links', NULL, 7, '2026-08-26', '2026-09-03', 0, 'You', 13);
INSERT INTO tasks (id, project_id, outline_level, is_summary, is_milestone, title, notes, duration_days, start_date, finish_date, percent_complete, resource_names, sort_order) VALUES ('4edb8fad-06c8-4ece-a7ff-0676b9406e55', 'ab2fca0e-4085-4331-aa7a-8daa09fbceaa', 1, false, true, 'DB schema freeze', NULL, 0, '2026-09-04', '2026-09-04', 0, '', 14);
INSERT INTO tasks (id, project_id, outline_level, is_summary, is_milestone, title, notes, duration_days, start_date, finish_date, percent_complete, resource_names, sort_order) VALUES ('722b6a5f-98f2-4147-bb6d-2246f6fc7111', 'ab2fca0e-4085-4331-aa7a-8daa09fbceaa', 1, false, false, 'Tauri command wiring', NULL, 8, '2026-09-05', '2026-09-16', 0, 'You', 15);
INSERT INTO tasks (id, project_id, outline_level, is_summary, is_milestone, title, notes, duration_days, start_date, finish_date, percent_complete, resource_names, sort_order) VALUES ('78d2192f-1f2f-4462-a5e0-64b668634fa9', 'ab2fca0e-4085-4331-aa7a-8daa09fbceaa', 1, false, false, 'pgvector extension + seed', NULL, 6, '2026-09-17', '2026-09-24', 0, 'You', 16);
INSERT INTO tasks (id, project_id, outline_level, is_summary, is_milestone, title, notes, duration_days, start_date, finish_date, percent_complete, resource_names, sort_order) VALUES ('34477027-9fe1-4fdc-8009-8f10c7e37b71', 'ab2fca0e-4085-4331-aa7a-8daa09fbceaa', 1, false, false, 'Connection pool tuning', NULL, 4, '2026-09-25', '2026-09-30', 0, 'You', 17);
INSERT INTO tasks (id, project_id, outline_level, is_summary, is_milestone, title, notes, duration_days, start_date, finish_date, percent_complete, resource_names, sort_order) VALUES ('2bd8447c-2ff9-4b1a-adab-47a4b07f142c', 'ab2fca0e-4085-4331-aa7a-8daa09fbceaa', 0, true, false, 'Knowledge pipeline', NULL, 28, '2026-09-08', '2026-10-06', 0, '', 18);
INSERT INTO tasks (id, project_id, outline_level, is_summary, is_milestone, title, notes, duration_days, start_date, finish_date, percent_complete, resource_names, sort_order) VALUES ('6f3ca0dd-f34a-4910-b796-8750dec1517a', 'ab2fca0e-4085-4331-aa7a-8daa09fbceaa', 1, false, false, 'Ingest email + Slack', NULL, 5, '2026-09-08', '2026-09-12', 0, 'You', 19);
INSERT INTO tasks (id, project_id, outline_level, is_summary, is_milestone, title, notes, duration_days, start_date, finish_date, percent_complete, resource_names, sort_order) VALUES ('9ff4a159-0284-4a00-b038-b2c330ae9a0a', 'ab2fca0e-4085-4331-aa7a-8daa09fbceaa', 1, false, false, 'Embedding batch job', NULL, 6, '2026-09-15', '2026-09-22', 0, 'You', 20);
INSERT INTO tasks (id, project_id, outline_level, is_summary, is_milestone, title, notes, duration_days, start_date, finish_date, percent_complete, resource_names, sort_order) VALUES ('6a057950-a9a7-4631-a008-50927150096e', 'ab2fca0e-4085-4331-aa7a-8daa09fbceaa', 1, false, false, 'swift_search_knowledge tool', NULL, 7, '2026-09-23', '2026-10-01', 0, 'You', 21);
INSERT INTO tasks (id, project_id, outline_level, is_summary, is_milestone, title, notes, duration_days, start_date, finish_date, percent_complete, resource_names, sort_order) VALUES ('33f3f81f-2a84-4362-9515-c12f0dc48cb3', 'ab2fca0e-4085-4331-aa7a-8daa09fbceaa', 1, false, false, 'Knowledge UI filters', NULL, 4, '2026-10-02', '2026-10-07', 0, 'You', 22);
INSERT INTO tasks (id, project_id, outline_level, is_summary, is_milestone, title, notes, duration_days, start_date, finish_date, percent_complete, resource_names, sort_order) VALUES ('7d381caa-629d-416b-bcf3-2fed07e4dab7', 'ab2fca0e-4085-4331-aa7a-8daa09fbceaa', 0, true, false, 'Polish + performance', NULL, 0, '2026-10-06', '2026-11-14', 0, '', 23);
INSERT INTO tasks (id, project_id, outline_level, is_summary, is_milestone, title, notes, duration_days, start_date, finish_date, percent_complete, resource_names, sort_order) VALUES ('84e5854c-38fa-4d88-ae88-75ae5d56c14a', 'ab2fca0e-4085-4331-aa7a-8daa09fbceaa', 1, false, false, 'Virtualized task grid', NULL, 6, '2026-10-06', '2026-10-13', 0, 'You', 24);
INSERT INTO tasks (id, project_id, outline_level, is_summary, is_milestone, title, notes, duration_days, start_date, finish_date, percent_complete, resource_names, sort_order) VALUES ('cb5fb7cd-0ce5-4a79-8324-6e803af929d6', 'ab2fca0e-4085-4331-aa7a-8daa09fbceaa', 1, false, false, 'Synced Gantt scroll', 'Horizontal week columns + sticky headers.', 3, '2026-10-14', '2026-10-16', 0, 'You', 25);
INSERT INTO tasks (id, project_id, outline_level, is_summary, is_milestone, title, notes, duration_days, start_date, finish_date, percent_complete, resource_names, sort_order) VALUES ('a4e9041f-0f24-4048-85f3-5a8ef8b1f5dd', 'ab2fca0e-4085-4331-aa7a-8daa09fbceaa', 1, false, false, 'Keyboard shortcuts', NULL, 4, '2026-10-17', '2026-10-22', 0, 'You', 26);
INSERT INTO tasks (id, project_id, outline_level, is_summary, is_milestone, title, notes, duration_days, start_date, finish_date, percent_complete, resource_names, sort_order) VALUES ('039e8ff0-0519-45ab-a713-21e734510f13', 'ab2fca0e-4085-4331-aa7a-8daa09fbceaa', 1, false, false, 'Theme + CBRE tokens audit', NULL, 3, '2026-10-23', '2026-10-27', 0, 'You', 27);
INSERT INTO tasks (id, project_id, outline_level, is_summary, is_milestone, title, notes, duration_days, start_date, finish_date, percent_complete, resource_names, sort_order) VALUES ('72b714b3-5f4a-4516-8c87-255a6cbac8a7', 'ab2fca0e-4085-4331-aa7a-8daa09fbceaa', 1, false, false, 'Agent panel streaming', NULL, 8, '2026-10-28', '2026-11-06', 0, 'You', 28);
INSERT INTO tasks (id, project_id, outline_level, is_summary, is_milestone, title, notes, duration_days, start_date, finish_date, percent_complete, resource_names, sort_order) VALUES ('838adcfc-e94a-4b15-9c89-7d5a12b8327c', 'ab2fca0e-4085-4331-aa7a-8daa09fbceaa', 1, false, true, 'Beta milestone', NULL, 0, '2026-11-07', '2026-11-07', 0, '', 29);
INSERT INTO tasks (id, project_id, outline_level, is_summary, is_milestone, title, notes, duration_days, start_date, finish_date, percent_complete, resource_names, sort_order) VALUES ('594f731a-5387-49b6-a114-ee02bcf880ad', 'ab2fca0e-4085-4331-aa7a-8daa09fbceaa', 0, true, false, 'QA + hardening', NULL, 25, '2026-11-10', '2026-12-12', 0, '', 30);
INSERT INTO tasks (id, project_id, outline_level, is_summary, is_milestone, title, notes, duration_days, start_date, finish_date, percent_complete, resource_names, sort_order) VALUES ('7fd65327-99ab-4368-999f-265c6534d960', 'ab2fca0e-4085-4331-aa7a-8daa09fbceaa', 1, false, false, 'Manual test checklist', NULL, 5, '2026-11-10', '2026-11-14', 0, 'You', 31);
INSERT INTO tasks (id, project_id, outline_level, is_summary, is_milestone, title, notes, duration_days, start_date, finish_date, percent_complete, resource_names, sort_order) VALUES ('2ef8b521-1fdb-4da6-81be-30797494db72', 'ab2fca0e-4085-4331-aa7a-8daa09fbceaa', 1, false, false, 'Portfolio stress test', NULL, 4, '2026-11-17', '2026-11-20', 0, 'You', 32);
INSERT INTO tasks (id, project_id, outline_level, is_summary, is_milestone, title, notes, duration_days, start_date, finish_date, percent_complete, resource_names, sort_order) VALUES ('95e0580b-516c-461c-a984-298aeb178298', 'ab2fca0e-4085-4331-aa7a-8daa09fbceaa', 1, false, false, 'Remote Postgres failover drill', NULL, 3, '2026-11-21', '2026-11-25', 0, 'You', 33);
INSERT INTO tasks (id, project_id, outline_level, is_summary, is_milestone, title, notes, duration_days, start_date, finish_date, percent_complete, resource_names, sort_order) VALUES ('61803baf-bc4f-4643-bfcb-f56b30618d98', 'ab2fca0e-4085-4331-aa7a-8daa09fbceaa', 1, false, false, 'Bug bash', NULL, 5, '2026-11-26', '2026-12-02', 0, 'You', 34);
INSERT INTO tasks (id, project_id, outline_level, is_summary, is_milestone, title, notes, duration_days, start_date, finish_date, percent_complete, resource_names, sort_order) VALUES ('ccba66f0-ec02-4699-b8fc-b1d9e6ee17c5', 'ab2fca0e-4085-4331-aa7a-8daa09fbceaa', 1, false, false, 'Release notes', NULL, 3, '2026-12-03', '2026-12-05', 0, 'You', 35);
INSERT INTO tasks (id, project_id, outline_level, is_summary, is_milestone, title, notes, duration_days, start_date, finish_date, percent_complete, resource_names, sort_order) VALUES ('b3de6de9-5d06-4cdd-90f8-a5ce7cee03da', 'ab2fca0e-4085-4331-aa7a-8daa09fbceaa', 1, false, true, 'v1.0 release', NULL, 0, '2026-12-12', '2026-12-12', 0, '', 36);
INSERT INTO tasks (id, project_id, outline_level, is_summary, is_milestone, title, notes, duration_days, start_date, finish_date, percent_complete, resource_names, sort_order) VALUES ('1dd921de-be82-49a3-8c19-9364b05fb87a', 'ab2fca0e-4085-4331-aa7a-8daa09fbceaa', 0, true, false, 'Post-launch', NULL, 0, '2026-12-15', '2027-01-09', 0, '', 37);
INSERT INTO tasks (id, project_id, outline_level, is_summary, is_milestone, title, notes, duration_days, start_date, finish_date, percent_complete, resource_names, sort_order) VALUES ('192fe5ad-d407-40aa-9c4e-201a7735083b', 'ab2fca0e-4085-4331-aa7a-8daa09fbceaa', 1, false, false, 'Template feedback doc', NULL, 4, '2026-12-15', '2026-12-18', 0, 'You', 38);
INSERT INTO tasks (id, project_id, outline_level, is_summary, is_milestone, title, notes, duration_days, start_date, finish_date, percent_complete, resource_names, sort_order) VALUES ('e7104b42-fc4d-4bf9-9458-a106a40d3b31', 'ab2fca0e-4085-4331-aa7a-8daa09fbceaa', 1, false, false, 'Promote AppShell to template', NULL, 6, '2026-12-19', '2026-12-26', 0, 'You', 39);
INSERT INTO tasks (id, project_id, outline_level, is_summary, is_milestone, title, notes, duration_days, start_date, finish_date, percent_complete, resource_names, sort_order) VALUES ('c9d6bd89-28d5-446f-b705-8f171099cb95', 'ab2fca0e-4085-4331-aa7a-8daa09fbceaa', 1, false, false, 'Dogfood on second project', NULL, 5, '2026-12-29', '2027-01-02', 0, 'You', 40);
INSERT INTO tasks (id, project_id, outline_level, is_summary, is_milestone, title, notes, duration_days, start_date, finish_date, percent_complete, resource_names, sort_order) VALUES ('56a298c9-b028-4814-bf2d-4f11f4ddf5c6', 'ab2fca0e-4085-4331-aa7a-8daa09fbceaa', 1, false, true, 'Retrospective', NULL, 0, '2027-01-09', '2027-01-09', 0, '', 41);
INSERT INTO tasks (id, project_id, outline_level, is_summary, is_milestone, title, notes, duration_days, start_date, finish_date, percent_complete, resource_names, sort_order) VALUES ('567f0439-63bc-4fb8-8a2e-be0d4ee36264', 'e61f3308-9e0e-48ba-a25b-a6bedd505dd9', 0, true, false, 'Loon desktop app', NULL, 25, '2026-07-07', '2026-08-08', 25, '', 0);
INSERT INTO tasks (id, project_id, outline_level, is_summary, is_milestone, title, notes, duration_days, start_date, finish_date, percent_complete, resource_names, sort_order) VALUES ('4751853d-9f74-49e4-a520-9e2158d004a3', 'e61f3308-9e0e-48ba-a25b-a6bedd505dd9', 1, false, false, 'UI mockup (MS Project shell)', 'Ribbon, Gantt, Project Center, status bar.', 3, '2026-07-07', '2026-07-09', 100, 'You', 1);
INSERT INTO tasks (id, project_id, outline_level, is_summary, is_milestone, title, notes, duration_days, start_date, finish_date, percent_complete, resource_names, sort_order) VALUES ('46a06a2c-73b5-4f1b-a620-353a3da2a7f2', 'e61f3308-9e0e-48ba-a25b-a6bedd505dd9', 1, false, false, 'swift-data + Postgres', NULL, 5, '2026-07-10', '2026-07-16', 0, 'You', 2);
INSERT INTO tasks (id, project_id, outline_level, is_summary, is_milestone, title, notes, duration_days, start_date, finish_date, percent_complete, resource_names, sort_order) VALUES ('162c9146-0bf6-4918-ad3e-e2edb758695d', 'e61f3308-9e0e-48ba-a25b-a6bedd505dd9', 1, false, true, 'Phase 2 gate', NULL, 0, '2026-07-17', '2026-07-17', 0, '', 3);

-- task_links (predecessors)
INSERT INTO task_links (project_id, predecessor_id, successor_id, link_type) VALUES ('c6e3a3e5-8073-4b6a-9cf4-21e67bc8e59e', '2e5b776c-5d94-4005-ad14-01af96ec9952', '8c4466c7-47e0-4c40-a723-c2cf357cbb10', 'FS');
INSERT INTO task_links (project_id, predecessor_id, successor_id, link_type) VALUES ('c6e3a3e5-8073-4b6a-9cf4-21e67bc8e59e', '8c4466c7-47e0-4c40-a723-c2cf357cbb10', '1d336a6f-2493-466d-9bd6-97c5c43f8b0e', 'FS');
INSERT INTO task_links (project_id, predecessor_id, successor_id, link_type) VALUES ('c6e3a3e5-8073-4b6a-9cf4-21e67bc8e59e', '1d336a6f-2493-466d-9bd6-97c5c43f8b0e', 'c9f00719-e95e-4ee5-bcfe-285c79f68084', 'FS');
INSERT INTO task_links (project_id, predecessor_id, successor_id, link_type) VALUES ('c6e3a3e5-8073-4b6a-9cf4-21e67bc8e59e', '8c4466c7-47e0-4c40-a723-c2cf357cbb10', '1bef3856-48ef-46ac-8c88-735403c4a19b', 'FS');
INSERT INTO task_links (project_id, predecessor_id, successor_id, link_type) VALUES ('c6e3a3e5-8073-4b6a-9cf4-21e67bc8e59e', '8b9ba41e-bb56-488b-89cc-e8d94b188bff', '2c73fb11-8bbd-4460-9d7d-74eab72229b4', 'FS');
INSERT INTO task_links (project_id, predecessor_id, successor_id, link_type) VALUES ('c6e3a3e5-8073-4b6a-9cf4-21e67bc8e59e', 'c9f00719-e95e-4ee5-bcfe-285c79f68084', 'ef96ecda-f910-480e-b0f3-56fb182d0643', 'FS');
INSERT INTO task_links (project_id, predecessor_id, successor_id, link_type) VALUES ('c6e3a3e5-8073-4b6a-9cf4-21e67bc8e59e', 'ef96ecda-f910-480e-b0f3-56fb182d0643', '2757a63f-db3d-432d-a4bf-8be591600204', 'FS');
INSERT INTO task_links (project_id, predecessor_id, successor_id, link_type) VALUES ('c6e3a3e5-8073-4b6a-9cf4-21e67bc8e59e', '1d336a6f-2493-466d-9bd6-97c5c43f8b0e', 'b64370c8-2bd4-4aba-980f-430ceedcc237', 'FS');
INSERT INTO task_links (project_id, predecessor_id, successor_id, link_type) VALUES ('c6e3a3e5-8073-4b6a-9cf4-21e67bc8e59e', 'e07e33f8-55dd-44c1-8f64-09b79778e8d2', '1ab4b0ab-6695-4164-b12f-6d341408e165', 'FS');
INSERT INTO task_links (project_id, predecessor_id, successor_id, link_type) VALUES ('c6e3a3e5-8073-4b6a-9cf4-21e67bc8e59e', '1ab4b0ab-6695-4164-b12f-6d341408e165', '3189c130-a8d1-44ef-b736-ecebb2e568fa', 'FS');
INSERT INTO task_links (project_id, predecessor_id, successor_id, link_type) VALUES ('c6e3a3e5-8073-4b6a-9cf4-21e67bc8e59e', '3189c130-a8d1-44ef-b736-ecebb2e568fa', '1f9f2144-004b-4607-8997-d0c0bda44205', 'FS');
INSERT INTO task_links (project_id, predecessor_id, successor_id, link_type) VALUES ('c6e3a3e5-8073-4b6a-9cf4-21e67bc8e59e', '1f9f2144-004b-4607-8997-d0c0bda44205', '24903a00-0ddc-4594-97ef-0770f89e5318', 'FS');
INSERT INTO task_links (project_id, predecessor_id, successor_id, link_type) VALUES ('c6e3a3e5-8073-4b6a-9cf4-21e67bc8e59e', '24903a00-0ddc-4594-97ef-0770f89e5318', '39a15eb5-16d6-4450-9182-8c5a6835c033', 'FS');
INSERT INTO task_links (project_id, predecessor_id, successor_id, link_type) VALUES ('c6e3a3e5-8073-4b6a-9cf4-21e67bc8e59e', '39a15eb5-16d6-4450-9182-8c5a6835c033', 'd282ff2a-95e8-47ce-995f-6a577b8a5661', 'FS');
INSERT INTO task_links (project_id, predecessor_id, successor_id, link_type) VALUES ('c6e3a3e5-8073-4b6a-9cf4-21e67bc8e59e', '1f9f2144-004b-4607-8997-d0c0bda44205', 'c5be56e2-7598-4a31-87c6-0e775aeeebcf', 'FS');
INSERT INTO task_links (project_id, predecessor_id, successor_id, link_type) VALUES ('c6e3a3e5-8073-4b6a-9cf4-21e67bc8e59e', '17c91619-d5fc-444a-93bd-93a5f3a67ef9', 'ac6c4a14-003a-4102-bbad-9dc635c30004', 'FS');
INSERT INTO task_links (project_id, predecessor_id, successor_id, link_type) VALUES ('c6e3a3e5-8073-4b6a-9cf4-21e67bc8e59e', 'ac6c4a14-003a-4102-bbad-9dc635c30004', '0793942b-4eb6-47b0-bf88-56ccc00f58ca', 'FS');
INSERT INTO task_links (project_id, predecessor_id, successor_id, link_type) VALUES ('c6e3a3e5-8073-4b6a-9cf4-21e67bc8e59e', '0793942b-4eb6-47b0-bf88-56ccc00f58ca', 'd6148957-4c1b-42ec-8a15-6d8eab2d9899', 'FS');
INSERT INTO task_links (project_id, predecessor_id, successor_id, link_type) VALUES ('c6e3a3e5-8073-4b6a-9cf4-21e67bc8e59e', 'd282ff2a-95e8-47ce-995f-6a577b8a5661', 'ce4fa92f-caf8-4da5-ae0b-eaf9d3db7759', 'FS');
INSERT INTO task_links (project_id, predecessor_id, successor_id, link_type) VALUES ('c6e3a3e5-8073-4b6a-9cf4-21e67bc8e59e', '9add5cfe-212a-4027-8e69-23e4cf813588', 'f7f851e9-638b-494b-82f0-492961274cae', 'FS');
INSERT INTO task_links (project_id, predecessor_id, successor_id, link_type) VALUES ('c6e3a3e5-8073-4b6a-9cf4-21e67bc8e59e', 'f7f851e9-638b-494b-82f0-492961274cae', '7cb1b444-cd27-4ea7-9d05-53bbe83516d9', 'FS');
INSERT INTO task_links (project_id, predecessor_id, successor_id, link_type) VALUES ('c6e3a3e5-8073-4b6a-9cf4-21e67bc8e59e', '7cb1b444-cd27-4ea7-9d05-53bbe83516d9', '13558fb4-4841-4138-9200-bf773c3c7d3e', 'FS');
INSERT INTO task_links (project_id, predecessor_id, successor_id, link_type) VALUES ('c6e3a3e5-8073-4b6a-9cf4-21e67bc8e59e', '13558fb4-4841-4138-9200-bf773c3c7d3e', '6033a546-f4b4-4336-ab65-f232ec3a4259', 'FS');
INSERT INTO task_links (project_id, predecessor_id, successor_id, link_type) VALUES ('c6e3a3e5-8073-4b6a-9cf4-21e67bc8e59e', '6033a546-f4b4-4336-ab65-f232ec3a4259', '97e82a10-2d20-444c-9634-1d38fdf96aa7', 'FS');
INSERT INTO task_links (project_id, predecessor_id, successor_id, link_type) VALUES ('c6e3a3e5-8073-4b6a-9cf4-21e67bc8e59e', '97e82a10-2d20-444c-9634-1d38fdf96aa7', 'a8b7e393-227a-4a73-a46d-ab38154e2e71', 'FS');
INSERT INTO task_links (project_id, predecessor_id, successor_id, link_type) VALUES ('c6e3a3e5-8073-4b6a-9cf4-21e67bc8e59e', '7ac207bc-b3e5-49d2-95fd-0113feb041e6', '3e474006-a25a-4c7c-9161-e624a649288a', 'FS');
INSERT INTO task_links (project_id, predecessor_id, successor_id, link_type) VALUES ('c6e3a3e5-8073-4b6a-9cf4-21e67bc8e59e', '3e474006-a25a-4c7c-9161-e624a649288a', 'c89b74d4-58de-472d-a609-e60dfb99a4da', 'FS');
INSERT INTO task_links (project_id, predecessor_id, successor_id, link_type) VALUES ('c6e3a3e5-8073-4b6a-9cf4-21e67bc8e59e', 'c89b74d4-58de-472d-a609-e60dfb99a4da', '02e55158-caa8-4b30-a344-2b4c956d1b2f', 'FS');
INSERT INTO task_links (project_id, predecessor_id, successor_id, link_type) VALUES ('c6e3a3e5-8073-4b6a-9cf4-21e67bc8e59e', '02e55158-caa8-4b30-a344-2b4c956d1b2f', '33899f0c-1c37-4a26-b821-6b78eb67209a', 'FS');
INSERT INTO task_links (project_id, predecessor_id, successor_id, link_type) VALUES ('c6e3a3e5-8073-4b6a-9cf4-21e67bc8e59e', '33899f0c-1c37-4a26-b821-6b78eb67209a', 'c3c92deb-a3aa-4d46-bb7a-2320507cbc90', 'FS');
INSERT INTO task_links (project_id, predecessor_id, successor_id, link_type) VALUES ('c6e3a3e5-8073-4b6a-9cf4-21e67bc8e59e', 'c3c92deb-a3aa-4d46-bb7a-2320507cbc90', '78ffc21a-1e4a-46b1-870f-3413b66a7e22', 'FS');
INSERT INTO task_links (project_id, predecessor_id, successor_id, link_type) VALUES ('c6e3a3e5-8073-4b6a-9cf4-21e67bc8e59e', '8146bc4b-25da-402f-a1b2-edfa0656ed53', '6d816874-9e30-4b54-84e3-ba9e032f390c', 'FS');
INSERT INTO task_links (project_id, predecessor_id, successor_id, link_type) VALUES ('c6e3a3e5-8073-4b6a-9cf4-21e67bc8e59e', '6d816874-9e30-4b54-84e3-ba9e032f390c', '5e4b46a1-57ea-4582-b788-a1635e0ed293', 'FS');
INSERT INTO task_links (project_id, predecessor_id, successor_id, link_type) VALUES ('c6e3a3e5-8073-4b6a-9cf4-21e67bc8e59e', '5e4b46a1-57ea-4582-b788-a1635e0ed293', '5029ea16-bae6-4ba4-8d01-2645c348260e', 'FS');
INSERT INTO task_links (project_id, predecessor_id, successor_id, link_type) VALUES ('ab2fca0e-4085-4331-aa7a-8daa09fbceaa', '017b4cbe-758c-4046-b636-ca64a9d2583e', 'db99856b-07d7-4236-8ebe-da95df514aab', 'FS');
INSERT INTO task_links (project_id, predecessor_id, successor_id, link_type) VALUES ('ab2fca0e-4085-4331-aa7a-8daa09fbceaa', 'db99856b-07d7-4236-8ebe-da95df514aab', '8b8afca4-2a08-4563-a46c-416b03cf5585', 'FS');
INSERT INTO task_links (project_id, predecessor_id, successor_id, link_type) VALUES ('ab2fca0e-4085-4331-aa7a-8daa09fbceaa', '8b8afca4-2a08-4563-a46c-416b03cf5585', '9d97f8f8-d3e0-4024-8e63-c8a0d5f065e4', 'FS');
INSERT INTO task_links (project_id, predecessor_id, successor_id, link_type) VALUES ('ab2fca0e-4085-4331-aa7a-8daa09fbceaa', 'db99856b-07d7-4236-8ebe-da95df514aab', '93debc8a-5385-49ba-b9da-0834b2201152', 'FS');
INSERT INTO task_links (project_id, predecessor_id, successor_id, link_type) VALUES ('ab2fca0e-4085-4331-aa7a-8daa09fbceaa', 'f3e01ef7-8e45-4ce5-bf9a-da83581ab624', 'faa5f45a-5067-4a58-ac7c-a7227b181e78', 'FS');
INSERT INTO task_links (project_id, predecessor_id, successor_id, link_type) VALUES ('ab2fca0e-4085-4331-aa7a-8daa09fbceaa', '9d97f8f8-d3e0-4024-8e63-c8a0d5f065e4', '96256c6e-0c5e-4297-a4ca-1d3e36b50b56', 'FS');
INSERT INTO task_links (project_id, predecessor_id, successor_id, link_type) VALUES ('ab2fca0e-4085-4331-aa7a-8daa09fbceaa', '96256c6e-0c5e-4297-a4ca-1d3e36b50b56', '4905db7b-4617-4e5f-b1b4-5e6a9a62d2e2', 'FS');
INSERT INTO task_links (project_id, predecessor_id, successor_id, link_type) VALUES ('ab2fca0e-4085-4331-aa7a-8daa09fbceaa', '8b8afca4-2a08-4563-a46c-416b03cf5585', '5c75dda0-1000-41c6-a58a-d288f240aa23', 'FS');
INSERT INTO task_links (project_id, predecessor_id, successor_id, link_type) VALUES ('ab2fca0e-4085-4331-aa7a-8daa09fbceaa', '6eb86186-6461-48bb-a884-e793e2cad55b', '4090dab0-69e2-4a33-9e7d-8ab094ae60c5', 'FS');
INSERT INTO task_links (project_id, predecessor_id, successor_id, link_type) VALUES ('ab2fca0e-4085-4331-aa7a-8daa09fbceaa', '4090dab0-69e2-4a33-9e7d-8ab094ae60c5', 'bf0a87ff-0bd5-46c0-aadd-1ffcd6af3a9d', 'FS');
INSERT INTO task_links (project_id, predecessor_id, successor_id, link_type) VALUES ('ab2fca0e-4085-4331-aa7a-8daa09fbceaa', 'bf0a87ff-0bd5-46c0-aadd-1ffcd6af3a9d', '4edb8fad-06c8-4ece-a7ff-0676b9406e55', 'FS');
INSERT INTO task_links (project_id, predecessor_id, successor_id, link_type) VALUES ('ab2fca0e-4085-4331-aa7a-8daa09fbceaa', '4edb8fad-06c8-4ece-a7ff-0676b9406e55', '722b6a5f-98f2-4147-bb6d-2246f6fc7111', 'FS');
INSERT INTO task_links (project_id, predecessor_id, successor_id, link_type) VALUES ('ab2fca0e-4085-4331-aa7a-8daa09fbceaa', '722b6a5f-98f2-4147-bb6d-2246f6fc7111', '78d2192f-1f2f-4462-a5e0-64b668634fa9', 'FS');
INSERT INTO task_links (project_id, predecessor_id, successor_id, link_type) VALUES ('ab2fca0e-4085-4331-aa7a-8daa09fbceaa', '78d2192f-1f2f-4462-a5e0-64b668634fa9', '34477027-9fe1-4fdc-8009-8f10c7e37b71', 'FS');
INSERT INTO task_links (project_id, predecessor_id, successor_id, link_type) VALUES ('ab2fca0e-4085-4331-aa7a-8daa09fbceaa', '4edb8fad-06c8-4ece-a7ff-0676b9406e55', '2bd8447c-2ff9-4b1a-adab-47a4b07f142c', 'FS');
INSERT INTO task_links (project_id, predecessor_id, successor_id, link_type) VALUES ('ab2fca0e-4085-4331-aa7a-8daa09fbceaa', '6f3ca0dd-f34a-4910-b796-8750dec1517a', '9ff4a159-0284-4a00-b038-b2c330ae9a0a', 'FS');
INSERT INTO task_links (project_id, predecessor_id, successor_id, link_type) VALUES ('ab2fca0e-4085-4331-aa7a-8daa09fbceaa', '9ff4a159-0284-4a00-b038-b2c330ae9a0a', '6a057950-a9a7-4631-a008-50927150096e', 'FS');
INSERT INTO task_links (project_id, predecessor_id, successor_id, link_type) VALUES ('ab2fca0e-4085-4331-aa7a-8daa09fbceaa', '6a057950-a9a7-4631-a008-50927150096e', '33f3f81f-2a84-4362-9515-c12f0dc48cb3', 'FS');
INSERT INTO task_links (project_id, predecessor_id, successor_id, link_type) VALUES ('ab2fca0e-4085-4331-aa7a-8daa09fbceaa', '34477027-9fe1-4fdc-8009-8f10c7e37b71', '7d381caa-629d-416b-bcf3-2fed07e4dab7', 'FS');
INSERT INTO task_links (project_id, predecessor_id, successor_id, link_type) VALUES ('ab2fca0e-4085-4331-aa7a-8daa09fbceaa', '84e5854c-38fa-4d88-ae88-75ae5d56c14a', 'cb5fb7cd-0ce5-4a79-8324-6e803af929d6', 'FS');
INSERT INTO task_links (project_id, predecessor_id, successor_id, link_type) VALUES ('ab2fca0e-4085-4331-aa7a-8daa09fbceaa', 'cb5fb7cd-0ce5-4a79-8324-6e803af929d6', 'a4e9041f-0f24-4048-85f3-5a8ef8b1f5dd', 'FS');
INSERT INTO task_links (project_id, predecessor_id, successor_id, link_type) VALUES ('ab2fca0e-4085-4331-aa7a-8daa09fbceaa', 'a4e9041f-0f24-4048-85f3-5a8ef8b1f5dd', '039e8ff0-0519-45ab-a713-21e734510f13', 'FS');
INSERT INTO task_links (project_id, predecessor_id, successor_id, link_type) VALUES ('ab2fca0e-4085-4331-aa7a-8daa09fbceaa', '039e8ff0-0519-45ab-a713-21e734510f13', '72b714b3-5f4a-4516-8c87-255a6cbac8a7', 'FS');
INSERT INTO task_links (project_id, predecessor_id, successor_id, link_type) VALUES ('ab2fca0e-4085-4331-aa7a-8daa09fbceaa', '72b714b3-5f4a-4516-8c87-255a6cbac8a7', '838adcfc-e94a-4b15-9c89-7d5a12b8327c', 'FS');
INSERT INTO task_links (project_id, predecessor_id, successor_id, link_type) VALUES ('ab2fca0e-4085-4331-aa7a-8daa09fbceaa', '838adcfc-e94a-4b15-9c89-7d5a12b8327c', '594f731a-5387-49b6-a114-ee02bcf880ad', 'FS');
INSERT INTO task_links (project_id, predecessor_id, successor_id, link_type) VALUES ('ab2fca0e-4085-4331-aa7a-8daa09fbceaa', '7fd65327-99ab-4368-999f-265c6534d960', '2ef8b521-1fdb-4da6-81be-30797494db72', 'FS');
INSERT INTO task_links (project_id, predecessor_id, successor_id, link_type) VALUES ('ab2fca0e-4085-4331-aa7a-8daa09fbceaa', '2ef8b521-1fdb-4da6-81be-30797494db72', '95e0580b-516c-461c-a984-298aeb178298', 'FS');
INSERT INTO task_links (project_id, predecessor_id, successor_id, link_type) VALUES ('ab2fca0e-4085-4331-aa7a-8daa09fbceaa', '95e0580b-516c-461c-a984-298aeb178298', '61803baf-bc4f-4643-bfcb-f56b30618d98', 'FS');
INSERT INTO task_links (project_id, predecessor_id, successor_id, link_type) VALUES ('ab2fca0e-4085-4331-aa7a-8daa09fbceaa', '61803baf-bc4f-4643-bfcb-f56b30618d98', 'ccba66f0-ec02-4699-b8fc-b1d9e6ee17c5', 'FS');
INSERT INTO task_links (project_id, predecessor_id, successor_id, link_type) VALUES ('ab2fca0e-4085-4331-aa7a-8daa09fbceaa', 'ccba66f0-ec02-4699-b8fc-b1d9e6ee17c5', 'b3de6de9-5d06-4cdd-90f8-a5ce7cee03da', 'FS');
INSERT INTO task_links (project_id, predecessor_id, successor_id, link_type) VALUES ('ab2fca0e-4085-4331-aa7a-8daa09fbceaa', 'b3de6de9-5d06-4cdd-90f8-a5ce7cee03da', '1dd921de-be82-49a3-8c19-9364b05fb87a', 'FS');
INSERT INTO task_links (project_id, predecessor_id, successor_id, link_type) VALUES ('ab2fca0e-4085-4331-aa7a-8daa09fbceaa', '192fe5ad-d407-40aa-9c4e-201a7735083b', 'e7104b42-fc4d-4bf9-9458-a106a40d3b31', 'FS');
INSERT INTO task_links (project_id, predecessor_id, successor_id, link_type) VALUES ('ab2fca0e-4085-4331-aa7a-8daa09fbceaa', 'e7104b42-fc4d-4bf9-9458-a106a40d3b31', 'c9d6bd89-28d5-446f-b705-8f171099cb95', 'FS');
INSERT INTO task_links (project_id, predecessor_id, successor_id, link_type) VALUES ('ab2fca0e-4085-4331-aa7a-8daa09fbceaa', 'c9d6bd89-28d5-446f-b705-8f171099cb95', '56a298c9-b028-4814-bf2d-4f11f4ddf5c6', 'FS');
INSERT INTO task_links (project_id, predecessor_id, successor_id, link_type) VALUES ('e61f3308-9e0e-48ba-a25b-a6bedd505dd9', '4751853d-9f74-49e4-a520-9e2158d004a3', '46a06a2c-73b5-4f1b-a620-353a3da2a7f2', 'FS');
INSERT INTO task_links (project_id, predecessor_id, successor_id, link_type) VALUES ('e61f3308-9e0e-48ba-a25b-a6bedd505dd9', '46a06a2c-73b5-4f1b-a620-353a3da2a7f2', '162c9146-0bf6-4918-ad3e-e2edb758695d', 'FS');

-- knowledge_categories
INSERT INTO knowledge_categories (id, project_id, name, description, sort_order) VALUES ('5db7c848-dacd-4ff0-a35a-d47e065ede90', 'c6e3a3e5-8073-4b6a-9cf4-21e67bc8e59e', 'Architecture', 'Layering, crate boundaries, and platform decisions.', 0);
INSERT INTO knowledge_categories (id, project_id, name, description, sort_order) VALUES ('af9b9cee-e0c3-40d4-b876-7125259e0f59', 'c6e3a3e5-8073-4b6a-9cf4-21e67bc8e59e', 'Product Specs', 'Swift feature specs and implementation plans.', 1);
INSERT INTO knowledge_categories (id, project_id, name, description, sort_order) VALUES ('d84461e9-238e-40d8-9689-bcdf7fa92ca8', 'c6e3a3e5-8073-4b6a-9cf4-21e67bc8e59e', 'Infrastructure', 'Database, Ollama, and deployment notes.', 2);
INSERT INTO knowledge_categories (id, project_id, name, description, sort_order) VALUES ('9c5bd1ef-2692-4bb9-8f84-78ac41e91ec8', 'c6e3a3e5-8073-4b6a-9cf4-21e67bc8e59e', 'Company & Process', 'Internal policies, onboarding, and runbooks.', 3);
INSERT INTO knowledge_categories (id, project_id, name, description, sort_order) VALUES ('5b8b9f9c-a72e-4435-8e10-cd13a7c8f5c9', 'ab2fca0e-4085-4331-aa7a-8daa09fbceaa', 'Architecture', 'Layering, crate boundaries, and platform decisions.', 0);
INSERT INTO knowledge_categories (id, project_id, name, description, sort_order) VALUES ('ae76dc47-9002-43cf-bb8e-370dd20bc6c6', 'ab2fca0e-4085-4331-aa7a-8daa09fbceaa', 'Product Specs', 'Swift feature specs and implementation plans.', 1);
INSERT INTO knowledge_categories (id, project_id, name, description, sort_order) VALUES ('c9f59fc4-da30-43c2-a8c2-a35994a1f21f', 'ab2fca0e-4085-4331-aa7a-8daa09fbceaa', 'Infrastructure', 'Database, Ollama, and deployment notes.', 2);
INSERT INTO knowledge_categories (id, project_id, name, description, sort_order) VALUES ('dac10054-0863-4e7b-ac68-5bddf7b39bf2', 'ab2fca0e-4085-4331-aa7a-8daa09fbceaa', 'Company & Process', 'Internal policies, onboarding, and runbooks.', 3);
INSERT INTO knowledge_categories (id, project_id, name, description, sort_order) VALUES ('207704b2-08fb-4ecc-a638-ed1b77dcf05c', 'e61f3308-9e0e-48ba-a25b-a6bedd505dd9', 'Architecture', 'Layering, crate boundaries, and platform decisions.', 0);
INSERT INTO knowledge_categories (id, project_id, name, description, sort_order) VALUES ('4dedc75c-b2eb-475c-aa52-c081f2dedf20', 'e61f3308-9e0e-48ba-a25b-a6bedd505dd9', 'Product Specs', 'Swift feature specs and implementation plans.', 1);

-- knowledge_articles
INSERT INTO knowledge_articles (id, project_id, category_id, title, body, source_type, source_label, source_uri, created_at, updated_at, indexed_at) VALUES ('4bebfcf9-94f0-488e-a2f1-5e875a125e23', 'c6e3a3e5-8073-4b6a-9cf4-21e67bc8e59e', 'd84461e9-238e-40d8-9689-bcdf7fa92ca8', 'PostgreSQL + pgvector setup', '# PostgreSQL + pgvector

Remote server hosts the Swift database (`swift` on server.lan).

## Extension
```sql
CREATE EXTENSION IF NOT EXISTS vector;
```

## Embedding column
`knowledge_items.embedding vector(1536)` — populated by Ollama `nomic-embed-text` on save.

## Agent access
The assistant calls `swift_search_knowledge` scoped to the active project.', 'doc', 'docs/plan/nest-data-postgres-v1.md', 'nest://docs/plan/nest-data-postgres-v1.md', '2026-06-20', '2026-07-04', '2026-07-05');
INSERT INTO knowledge_articles (id, project_id, category_id, title, body, source_type, source_label, source_uri, created_at, updated_at, indexed_at) VALUES ('1d060293-1ffd-4a02-9b93-c1185503b868', 'c6e3a3e5-8073-4b6a-9cf4-21e67bc8e59e', 'af9b9cee-e0c3-40d4-b876-7125259e0f59', 'Knowledge base requirements', '# Knowledge base (v1)

Project-scoped articles indexed for **vector search**.

## Required fields
- Category
- Title + body (markdown)
- Source type and label
- Revision history on every save

## Search
- pgvector similarity (primary)
- PostgreSQL tsvector keyword (secondary)
- Hybrid rerank for agent queries', 'doc', 'apps/swift/docs/specs/knowledge.md', 'nest://apps/swift/docs/specs/knowledge.md', '2026-07-01', '2026-07-06', '2026-07-06');
INSERT INTO knowledge_articles (id, project_id, category_id, title, body, source_type, source_label, source_uri, created_at, updated_at, indexed_at) VALUES ('d3a941d3-87ac-4ad7-925c-85b2535da754', 'c6e3a3e5-8073-4b6a-9cf4-21e67bc8e59e', '5db7c848-dacd-4ff0-a35a-d47e065ede90', 'Nest layering rules', '# Layer boundaries

- **core** must not depend on modules or apps
- **modules** may depend on core
- **apps** (Swift, Loon) consume modules + core via path patches

See `docs/architecture.md` for the dependency diagram.', 'manual', 'Manual note', NULL, '2026-06-15', '2026-06-25', '2026-06-26');
INSERT INTO knowledge_articles (id, project_id, category_id, title, body, source_type, source_label, source_uri, created_at, updated_at, indexed_at) VALUES ('3b79a029-5b45-46be-b633-de76ca18940c', 'c6e3a3e5-8073-4b6a-9cf4-21e67bc8e59e', 'd84461e9-238e-40d8-9689-bcdf7fa92ca8', '#nest — database host decision', 'Thread summary (2026-06-18):

> Use server.lan Postgres for Swift + pgvector. Ollama on same host for chat and embeddings.

Action: configure `config.toml` `[database].url` before swift-data phase.', 'slack', '#nest on server.lan', 'slack://nest/C0123456/1718712000', '2026-06-18', '2026-06-18', '2026-06-19');
INSERT INTO knowledge_articles (id, project_id, category_id, title, body, source_type, source_label, source_uri, created_at, updated_at, indexed_at) VALUES ('d82b6dd4-0149-4352-a374-15588c1ec95c', 'c6e3a3e5-8073-4b6a-9cf4-21e67bc8e59e', '9c5bd1ef-2692-4bb9-8f84-78ac41e91ec8', 'Contributor onboarding checklist', '# Onboarding

1. Clone nest monorepo
2. Copy `apps/swift/config.example.toml` → `config.toml`
3. Run `./scripts/index-memory.sh` for MCP memory
4. Read `AGENTS.md` workflow', 'manual', 'Company runbook', NULL, '2026-05-01', '2026-07-02', '2026-07-03');
INSERT INTO knowledge_articles (id, project_id, category_id, title, body, source_type, source_label, source_uri, created_at, updated_at, indexed_at) VALUES ('a4c7cca7-75bd-4e72-b30d-07c98f095f50', 'c6e3a3e5-8073-4b6a-9cf4-21e67bc8e59e', '9c5bd1ef-2692-4bb9-8f84-78ac41e91ec8', 'Vendor SLA — hosting provider', 'From: ops@hosting.example.com
Date: 2026-06-10

99.9% uptime SLA for server.lan VM. Maintenance window Sundays 02:00–04:00 UTC.', 'email', 'ops@hosting.example.com', 'mailto:ops@hosting.example.com?subject=SLA', '2026-06-10', '2026-06-10', '2026-06-11');
INSERT INTO knowledge_articles (id, project_id, category_id, title, body, source_type, source_label, source_uri, created_at, updated_at, indexed_at) VALUES ('d79fc636-622d-469d-a65e-5aabf1a5b160', 'ab2fca0e-4085-4331-aa7a-8daa09fbceaa', 'ae76dc47-9002-43cf-bb8e-370dd20bc6c6', 'MS Project UI shell', 'Ribbon tabs: File, Task, View, Project, Knowledge, Help. Gantt-first workspace.', 'manual', 'Manual note', NULL, '2026-07-07', '2026-07-07', NULL);

-- knowledge_revisions
INSERT INTO knowledge_revisions (id, article_id, revision_number, title, body, change_note, created_by, created_at) VALUES ('481da137-0053-4d3e-a06d-aaf5a2045e4c', '4bebfcf9-94f0-488e-a2f1-5e875a125e23', 1, 'PostgreSQL + pgvector setup', 'Initial draft: SQLite replaced with PostgreSQL. pgvector extension required.', 'Created from nest-data-postgres plan', 'You', '2026-06-20');
INSERT INTO knowledge_revisions (id, article_id, revision_number, title, body, change_note, created_by, created_at) VALUES ('c60d00f0-6818-4ab7-8177-6841b7707911', '4bebfcf9-94f0-488e-a2f1-5e875a125e23', 2, 'PostgreSQL + pgvector setup', 'Added remote server.lan connection details and swift database name.', 'Documented remote host', 'You', '2026-06-28');
INSERT INTO knowledge_revisions (id, article_id, revision_number, title, body, change_note, created_by, created_at) VALUES ('22fcfcf7-cc8b-4d1b-983a-232aac1e7342', '4bebfcf9-94f0-488e-a2f1-5e875a125e23', 3, 'PostgreSQL + pgvector setup', '# PostgreSQL + pgvector

Remote server hosts the Swift database. Embedding via Ollama nomic-embed-text.', 'Added agent search command reference', 'You', '2026-07-04');
INSERT INTO knowledge_revisions (id, article_id, revision_number, title, body, change_note, created_by, created_at) VALUES ('0f9d02f8-265b-41f7-b389-dfaf7ae20e76', '1d060293-1ffd-4a02-9b93-c1185503b868', 1, 'Knowledge base requirements', 'Notes and docs only in v1.', 'Initial spec import', 'You', '2026-07-01');
INSERT INTO knowledge_revisions (id, article_id, revision_number, title, body, change_note, created_by, created_at) VALUES ('364e9a17-294b-4d65-a029-32f40ffaf5bc', '1d060293-1ffd-4a02-9b93-c1185503b868', 2, 'Knowledge base requirements', 'Added categories, revisions, and source metadata for company info.', 'Expanded for Knowledge tab mockup', 'You', '2026-07-06');
INSERT INTO knowledge_revisions (id, article_id, revision_number, title, body, change_note, created_by, created_at) VALUES ('cd2b28cb-7b49-4ef4-8337-cf56a8832279', 'd3a941d3-87ac-4ad7-925c-85b2535da754', 1, 'Nest layering rules', 'core → modules → apps. No upward dependencies.', NULL, 'You', '2026-06-15');
INSERT INTO knowledge_revisions (id, article_id, revision_number, title, body, change_note, created_by, created_at) VALUES ('b9838fc9-d0b1-416f-bce5-bbaf4cdbc42b', '3b79a029-5b45-46be-b633-de76ca18940c', 1, '#nest — database host decision', 'Slack thread imported — Postgres + Ollama co-located on server.lan.', 'Auto-ingest from Slack', 'Import job', '2026-06-18');
INSERT INTO knowledge_revisions (id, article_id, revision_number, title, body, change_note, created_by, created_at) VALUES ('e6404dc9-a967-4a68-bce6-0ea5501d63bb', 'd82b6dd4-0149-4352-a374-15588c1ec95c', 1, 'Contributor onboarding checklist', 'Basic clone + config steps.', NULL, 'You', '2026-05-01');
INSERT INTO knowledge_revisions (id, article_id, revision_number, title, body, change_note, created_by, created_at) VALUES ('cb1014e5-1e8d-4df6-9bd7-ef24fa5bc176', 'd82b6dd4-0149-4352-a374-15588c1ec95c', 2, 'Contributor onboarding checklist', 'Added AGENTS.md and MCP memory indexing step.', 'Agent workflow docs', 'You', '2026-07-02');
INSERT INTO knowledge_revisions (id, article_id, revision_number, title, body, change_note, created_by, created_at) VALUES ('6fd82fd2-48e3-46c2-a7dd-2cac3b315ec5', 'a4c7cca7-75bd-4e72-b30d-07c98f095f50', 1, 'Vendor SLA — hosting provider', 'Email import — SLA and maintenance window.', 'IMAP ingest', 'Import job', '2026-06-10');
INSERT INTO knowledge_revisions (id, article_id, revision_number, title, body, change_note, created_by, created_at) VALUES ('86a9efe7-a266-4524-80bb-45fd69651078', 'd79fc636-622d-469d-a65e-5aabf1a5b160', 1, 'MS Project UI shell', 'Ribbon + Gantt mockup scope.', NULL, 'You', '2026-07-07');

COMMIT;
